ao;OBEYGJANLEGT;óbeygjanlegt;uninflected;
fs;OBEYGJANLEGT;óbeygjanlegt;uninflected;
nhm;OBEYGJANLEGT;óbeygjanlegt;uninflected;
st;OBEYGJANLEGT;óbeygjanlegt;uninflected;
uh;OBEYGJANLEGT;óbeygjanlegt;uninflected;
to;OBEYGJANLEGT;óbeygjanlegt;uninflected;
afn;EF;eignarfalli;genitive;
afn;ÞF;þolfalli;accusative;
afn;ÞGF;þágufalli;dative;
ao;EST;efsta stigi;superlative, degree;
ao;FST;frumstigi;positive, degree;
ao;MST;miðstigi;comparative, degree;
fn;HK-EFET;hvorugkyni, eignarfalli, eintölu;neuter, genitive, singular;
fn;HK-EFFT;hvorugkyni, eignarfalli, fleirtölu;neuter, genitive, plural;
fn;HK-NFET;hvorugkyni, nefnifalli, eintölu;neuter, nominative, singular;
fn;HK-NFFT;hvorugkyni, nefnifalli, fleirtölu;neuter, nominative, plural;
fn;HK-ÞFET;hvorugkyni, þolfalli, eintölu;neuter, accusative, singular;
fn;HK-ÞFFT;hvorugkyni, þolfalli, fleirtölu;neuter, accusative, plural;
fn;HK-ÞGFET;hvorugkyni, þágufalli, eintölu;neuter, dative, singular;
fn;HK-ÞGFFT;hvorugkyni, þágufalli, fleirtölu;neuter, dative, plural;
fn;KK-EFET;karlkyni, eignarfalli, eintölu;masculine, genitive, singular;
fn;KK-EFFT;karlkyni, eignarfalli, fleirtölu;masculine, genitive, plural;
fn;KK-NFET;karlkyni, nefnifalli, eintölu;masculine, nominative, singular;
fn;KK-NFFT;karlkyni, nefnifalli, fleirtölu;masculine, nominative, plural;
fn;KK-ÞFET;karlkyni, þolfalli, eintölu;masculine, accusative, singular;
fn;KK-ÞFFT;karlkyni, þolfalli, fleirtölu;masculine, accusative, plural;
fn;KK-ÞGFET;karlkyni, þágufalli, eintölu;masculine, dative, singular;
fn;KK-ÞGFFT;karlkyni, þágufalli, fleirtölu;masculine, dative, plural;
fn;KVK-EFET;kvenkyni, eignarfalli, eintölu;feminine, genitive, singular;
fn;KVK-EFFT;kvenkyni, eignarfalli, fleirtölu;feminine, genitive, plural;
fn;KVK-NFET;kvenkyni, nefnifalli, eintölu;feminine, nominative, singular;
fn;KVK-NFFT;kvenkyni, nefnifalli, fleirtölu;feminine, nominative, plural;
fn;KVK-ÞFET;kvenkyni, þolfalli, eintölu;feminine, accusative, singular;
fn;KVK-ÞFFT;kvenkyni, þolfalli, fleirtölu;feminine, accusative, plural;
fn;KVK-ÞGFET;kvenkyni, þágufalli, eintölu;feminine, dative, singular;
fn;KVK-ÞGFFT;kvenkyni, þágufalli, fleirtölu;feminine, dative, plural;
gr;HK-EFET;hvorugkyni, eignarfalli, eintölu;neuter, genitive, singular;
gr;HK-EFFT;hvorugkyni, eignarfalli, fleirtölu;neuter, genitive, plural;
gr;HK-NFET;hvorugkyni, nefnifalli, eintölu;neuter, nominative, singular;
gr;HK-NFFT;hvorugkyni, nefnifalli, fleirtölu;neuter, nominative, plural;
gr;HK-ÞFET;hvorugkyni, þolfalli, eintölu;neuter, accusative, singular;
gr;HK-ÞFFT;hvorugkyni, þolfalli, fleirtölu;neuter, accusative, plural;
gr;HK-ÞGFET;hvorugkyni, þágufalli, eintölu;neuter, dative, singular;
gr;HK-ÞGFFT;hvorugkyni, þágufalli, fleirtölu;neuter, dative, plural;
gr;KK-EFET;karlkyni, eignarfalli, eintölu;masculine, genitive, singular;
gr;KK-EFFT;karlkyni, eignarfalli, fleirtölu;masculine, genitive, plural;
gr;KK-NFET;karlkyni, nefnifalli, eintölu;masculine, nominative, singular;
gr;KK-NFFT;karlkyni, nefnifalli, fleirtölu;masculine, nominative, plural;
gr;KK-ÞFET;karlkyni, þolfalli, eintölu;masculine, accusative, singular;
gr;KK-ÞFFT;karlkyni, þolfalli, fleirtölu;masculine, accusative, plural;
gr;KK-ÞGFET;karlkyni, þágufalli, eintölu;masculine, dative, singular;
gr;KK-ÞGFFT;karlkyni, þágufalli, fleirtölu;masculine, dative, plural;
gr;KVK-EFET;kvenkyni, eignarfalli, eintölu;feminine, genitive, singular;
gr;KVK-EFFT;kvenkyni, eignarfalli, fleirtölu;feminine, genitive, plural;
gr;KVK-NFET;kvenkyni, nefnifalli, eintölu;feminine, nominative, singular;
gr;KVK-NFFT;kvenkyni, nefnifalli, fleirtölu;feminine, nominative, plural;
gr;KVK-ÞFET;kvenkyni, þolfalli, eintölu;feminine, accusative, singular;
gr;KVK-ÞFFT;kvenkyni, þolfalli, fleirtölu;feminine, accusative, plural;
gr;KVK-ÞGFET;kvenkyni, þágufalli, eintölu;feminine, dative, singular;
gr;KVK-ÞGFFT;kvenkyni, þágufalli, fleirtölu;feminine, dative, plural;
hk;EFETgr;eignarfalli, eintölu, með  greini;genitive, singular, definite;
hk;EFET;eignarfalli, eintölu;genitive, singular;
hk;EFFTgr;eignarfalli, fleirtölu, með  greini;genitive, plural, definite;
hk;EFFT;eignarfalli, fleirtölu;genitive, plural;
hk;NFETgr;nefnifalli, eintölu, með  greini;nominative, singular, definite;
hk;NFET;nefnifalli, eintölu;nominative, singular;
hk;NFFTgr;nefnifalli, fleirtölu, með  greini;nominative, plural, definite;
hk;NFFT;nefnifalli, fleirtölu;nominative, plural;
hk;ÞFETgr;þolfalli, eintölu, með  greini;accusative, singular, definite;
hk;ÞFET;þolfalli, eintölu;accusative, singular;
hk;ÞFFTgr;þolfalli, fleirtölu, með  greini;accusative, plural, definite;
hk;ÞFFT;þolfalli, fleirtölu;accusative, plural;
hk;ÞGFETgr;þágufalli, eintölu, með  greini;dative, singular, definite;
hk;ÞGFET;þágufalli, eintölu;dative, singular;
hk;ÞGFFTgr;þágufalli, fleirtölu, með  greini;dative, plural, definite;
hk;ÞGFFT;þágufalli, fleirtölu;dative, plural;
kk;EFETgr;eignarfalli, eintölu, með  greini;genitive, singular, definite;
kk;EFET;eignarfalli, eintölu;genitive, singular;
kk;EFFTgr;eignarfalli, fleirtölu, með  greini;genitive, plural, definite;
kk;EFFT;eignarfalli, fleirtölu;genitive, plural;
kk;NFETgr;nefnifalli, eintölu, með  greini;nominative, singular, definite;
kk;NFET;nefnifalli, eintölu;nominative, singular;
kk;NFFTgr;nefnifalli, fleirtölu, með  greini;nominative, plural, definite;
kk;NFFT;nefnifalli, fleirtölu;nominative, plural;
kk;ÞFETgr;þolfalli, eintölu, með  greini;accusative, singular, definite;
kk;ÞFET;þolfalli, eintölu;accusative, singular;
kk;ÞFFTgr;þolfalli, fleirtölu, með  greini;accusative, plural, definite;
kk;ÞFFT;þolfalli, fleirtölu;accusative, plural;
kk;ÞGFETgr;þágufalli, eintölu, með  greini;dative, singular, definite;
kk;ÞGFET;þágufalli, eintölu;dative, singular;
kk;ÞGFFTgr;þágufalli, fleirtölu, með  greini;dative, plural, definite;
kk;ÞGFFT;þágufalli, fleirtölu;dative, plural;
kvk;EFETgr;eignarfalli, eintölu, með  greini;genitive, singular, definite;
kvk;EFET;eignarfalli, eintölu;genitive, singular;
kvk;EFFTgr;eignarfalli, fleirtölu, með  greini;genitive, plural, definite;
kvk;EFFT;eignarfalli, fleirtölu;genitive, plural;
kvk;NFETgr;nefnifalli, eintölu, með  greini;nominative, singular, definite;
kvk;NFET;nefnifalli, eintölu;nominative, singular;
kvk;NFFTgr;nefnifalli, fleirtölu, með  greini;nominative, plural, definite;
kvk;NFFT;nefnifalli, fleirtölu;nominative, plural;
kvk;ÞFETgr;þolfalli, eintölu, með  greini;accusative, singular, definite;
kvk;ÞFET;þolfalli, eintölu;accusative, singular;
kvk;ÞFFTgr;þolfalli, fleirtölu, með  greini;accusative, pluraldefinite;
kvk;ÞFFT;þolfalli, fleirtölu;accusative, plural;
kvk;ÞGFETgr;þágufalli, eintölu, með  greini;dative, singular, definite;
kvk;ÞGFET;þágufalli, eintölu;dative, singular;
kvk;ÞGFFTgr;þágufalli, fleirtölu, með  greini;dative, plural, definite;
kvk;ÞGFFT;þágufalli, fleirtölu;dative, plural;
lo;ESB-HK-EFET;efsta stigi, sterkri beygingu, hvorugkyni, eignarfalli, eintölu;superlative, indefinite, neuter, genitive, singular;
lo;ESB-HK-EFFT;efsta stigi, sterkri beygingu, hvorugkyni, eignarfalli, fleirtölu;superlative, indefinite, neuter, genitive, plural;
lo;ESB-HK-NFET;efsta stigi, sterkri beygingu, hvorugkyni, nefnifalli, eintölu;superlative, indefinite, neuter, nominative, singular;
lo;ESB-HK-NFFT;efsta stigi, sterkri beygingu, hvorugkyni, nefnifalli, fleirtölu;superlative, indefinite, neuter, nominative, plural;
lo;ESB-HK-ÞFET;efsta stigi, sterkri beygingu, hvorugkyni, þolfalli, eintölu;superlative, indefinite, neuter, accusative, singular;
lo;ESB-HK-ÞFFT;efsta stigi, sterkri beygingu, hvorugkyni, þolfalli, fleirtölu;superlative, indefinite, neuter, accusative, plural;
lo;ESB-HK-ÞGFET;efsta stigi, sterkri beygingu, hvorugkyni, þágufalli, eintölu;superlative, indefinite, neuter, dative, singular;
lo;ESB-HK-ÞGFFT;efsta stigi, sterkri beygingu, hvorugkyni, þágufalli, fleirtölu;superlative, indefinite, neuter, dative, plural;
lo;ESB-KK-EFET;efsta stigi, sterkri beygingu, karlkyni, eignarfalli, eintölu;superlative, indefinite, masculine, genitive, singular;
lo;ESB-KK-EFFT;efsta stigi, sterkri beygingu, karlkyni, eignarfalli, fleirtölu;superlative, indefinite, masculine, genitive, plural;
lo;ESB-KK-NFET;efsta stigi, sterkri beygingu, karlkyni, nefnifalli, eintölu;superlative, indefinite, masculine, nominative, singular;
lo;ESB-KK-NFFT;efsta stigi, sterkri beygingu, karlkyni, nefnifalli, fleirtölu;superlative, indefinite, masculine, nominative, plural;
lo;ESB-KK-ÞFET;efsta stigi, sterkri beygingu, karlkyni, þolfalli, eintölu;superlative, indefinite, masculine, accusative, singular;
lo;ESB-KK-ÞFFT;efsta stigi, sterkri beygingu, karlkyni, þolfalli, fleirtölu;superlative, indefinite, masculine, accusative, plural;
lo;ESB-KK-ÞGFET;efsta stigi, sterkri beygingu, karlkyni, þágufalli, eintölu;superlative, indefinite, masculine, dative, singular;
lo;ESB-KK-ÞGFFT;efsta stigi, sterkri beygingu, karlkyni, þágufalli, fleirtölu;superlative, indefinite, masculine, dative, plural;
lo;ESB-KVK-EFET;efsta stigi, sterkri beygingu, kvenkyni, eignarfalli, eintölu;superlative, indefinite, feminine, genitive, singular;
lo;ESB-KVK-EFFT;efsta stigi, sterkri beygingu, kvenkyni, eignarfalli, fleirtölu;superlative, indefinite, feminine, genitive, plural;
lo;ESB-KVK-NFET;efsta stigi, sterkri beygingu, kvenkyni, nefnifalli, eintölu;superlative, indefinite, feminine, nominative, singular;
lo;ESB-KVK-NFFT;efsta stigi, sterkri beygingu, kvenkyni, nefnifalli, fleirtölu;superlative, indefinite, feminine, nominative, plural;
lo;ESB-KVK-ÞFET;efsta stigi, sterkri beygingu, kvenkyni, þolfalli, eintölu;superlative, indefinite, feminine, accusative, singular;
lo;ESB-KVK-ÞFFT;efsta stigi, sterkri beygingu, kvenkyni, þolfalli, fleirtölu;superlative, indefinite, feminine, accusative, plural;
lo;ESB-KVK-ÞGFET;efsta stigi, sterkri beygingu, kvenkyni, þágufalli, eintölu;superlative, indefinite, feminine, dative, singular;
lo;ESB-KVK-ÞGFFT;efsta stigi, sterkri beygingu, kvenkyni, þágufalli, fleirtölu;superlative, indefinite, feminine, dative, plural;
lo;EVB-HK-EFET;efsta stigi, veikri beygingu, hvorugkyni, eignarfalli, eintölu;superlative, indefinite, neuter, genitive, singular;
lo;EVB-HK-EFFT;efsta stigi, veikri beygingu, hvorugkyni, eignarfalli, fleirtölu;superlative, indefinite, neuter, genitive, plural;
lo;EVB-HK-NFET;efsta stigi, veikri beygingu, hvorugkyni, nefnifalli, eintölu;superlative, indefinite, neuter, nominative, singular;
lo;EVB-HK-NFFT;efsta stigi, veikri beygingu, hvorugkyni, nefnifalli, fleirtölu;superlative, indefinite, neuter, nominative, plural;
lo;EVB-HK-ÞFET;efsta stigi, veikri beygingu, hvorugkyni, þolfalli, eintölu;superlative, indefinite, neuter, accusative, singular;
lo;EVB-HK-ÞFFT;efsta stigi, veikri beygingu, hvorugkyni, þolfalli, fleirtölu;superlative, indefinite, neuter, accusative, plural;
lo;EVB-HK-ÞGFET;efsta stigi, veikri beygingu, hvorugkyni, þágufalli, eintölu;superlative, indefinite, neuter, dative, singular;
lo;EVB-HK-ÞGFFT;efsta stigi, veikri beygingu, hvorugkyni, þágufalli, fleirtölu;superlative, indefinite, neuter, dative, plural;
lo;EVB-KK-EFET;efsta stigi, veikri beygingu, karlkyni, eignarfalli, eintölu;superlative, definite, masculine, genitive, singular;
lo;EVB-KK-EFFT;efsta stigi, veikri beygingu, karlkyni, eignarfalli, fleirtölu;superlative, definite, masculine, genitive, plural;
lo;EVB-KK-NFET;efsta stigi, veikri beygingu, karlkyni, nefnifalli, eintölu;superlative, definite, masculine, nominative, singular;
lo;EVB-KK-NFFT;efsta stigi, veikri beygingu, karlkyni, nefnifalli, fleirtölu;superlative, definite, masculine, nominative, plural;
lo;EVB-KK-ÞFET;efsta stigi, veikri beygingu, karlkyni, þolfalli, eintölu;superlative, definite, masculine, accusative, singular;
lo;EVB-KK-ÞFFT;efsta stigi, veikri beygingu, karlkyni, þolfalli, fleirtölu;superlative, definite, masculine, accusative, plural;
lo;EVB-KK-ÞGFET;efsta stigi, veikri beygingu, karlkyni, þágufalli, eintölu;superlative, definite, masculine, dative, singular;
lo;EVB-KK-ÞGFFT;efsta stigi, veikri beygingu, karlkyni, þágufalli, fleirtölu;superlative, definite, masculine, dative, plural;
lo;EVB-KVK-EFET;efsta stigi, veikri beygingu, kvenkyni, eignarfalli, eintölu;superlative, definite, feminine, genitive, singular;
lo;EVB-KVK-EFFT;efsta stigi, veikri beygingu, kvenkyni, eignarfalli, fleirtölu;superlative, definite, feminine, genitive, plural;
lo;EVB-KVK-NFET;efsta stigi, veikri beygingu, kvenkyni, nefnifalli, eintölu;superlative, definite, feminine, nominative, singular;
lo;EVB-KVK-NFFT;efsta stigi, veikri beygingu, kvenkyni, nefnifalli, fleirtölu;superlative, definite, feminine, nominative, plural;
lo;EVB-KVK-ÞFET;efsta stigi, veikri beygingu, kvenkyni, þolfalli, eintölu;superlative, definite, feminine, accusative, singular;
lo;EVB-KVK-ÞFFT;efsta stigi, veikri beygingu, kvenkyni, þolfalli, fleirtölu;superlative, definite, feminine, accusative, plural;
lo;EVB-KVK-ÞGFET;efsta stigi, veikri beygingu, kvenkyni, þágufalli, eintölu;superlative, definite, feminine, dative, singular;
lo;EVB-KVK-ÞGFFT;efsta stigi, veikri beygingu, kvenkyni, þágufalli, fleirtölu;superlative, definite, feminine, dative, plural;
lo;FSB-HK-EFET;frumstigi, sterkri beygingu, hvorugkyni, eignarfalli, eintölu;positive, degree, indefinite, neuter, genitive, singular;
lo;FSB-HK-EFFT;frumstigi, sterkri beygingu, hvorugkyni, eignarfalli, fleirtölu;positive, degree, indefinite, neuter, genitive, plural;
lo;FSB-HK-NFET;frumstigi, sterkri beygingu, hvorugkyni, nefnifalli, eintölu;positive, degree, indefinite, neuter, nominative, singular;
lo;FSB-HK-NFFT;frumstigi, sterkri beygingu, hvorugkyni, nefnifalli, fleirtölu;positive, degree, indefinite, neuter, nominative, plural;
lo;FSB-HK-ÞFET;frumstigi, sterkri beygingu, hvorugkyni, þolfalli, eintölu;positive, degree, indefinite, neuter, accusative, singular;
lo;FSB-HK-ÞFFT;frumstigi, sterkri beygingu, hvorugkyni, þolfalli, fleirtölu;positive, degree, indefinite, neuter, accusative, plural;
lo;FSB-HK-ÞGFET;frumstigi, sterkri beygingu, hvorugkyni, þágufalli, eintölu;positive, degree, indefinite, neuter, dative, singular;
lo;FSB-HK-ÞGFFT;frumstigi, sterkri beygingu, hvorugkyni, þágufalli, fleirtölu;positive, degree, indefinite, neuter, dative, plural;
lo;FSB-KK-EFET;frumstigi, sterkri beygingu, karlkyni, eignarfalli, eintölu;positive, degree, indefinite, masculine, genitive, singular;
lo;FSB-KK-EFFT;frumstigi, sterkri beygingu, karlkyni, eignarfalli, fleirtölu;positive, degree, indefinite, masculine, genitive, plural;
lo;FSB-KK-NFET;frumstigi, sterkri beygingu, karlkyni, nefnifalli, eintölu;positive, degree, indefinite, masculine, nominative, singular;
lo;FSB-KK-NFFT;frumstigi, sterkri beygingu, karlkyni, nefnifalli, fleirtölu;positive, degree, indefinite, masculine, nominative, plural;
lo;FSB-KK-ÞFET;frumstigi, sterkri beygingu, karlkyni, þolfalli, eintölu;positive, degree, indefinite, masculine, accusative, singular;
lo;FSB-KK-ÞFFT;frumstigi, sterkri beygingu, karlkyni, þolfalli, fleirtölu;positive, degree, indefinite, masculine, accusative, plural;
lo;FSB-KK-ÞGFET;frumstigi, sterkri beygingu, karlkyni, þágufalli, eintölu;positive, degree, indefinite, masculine, dative, singular;
lo;FSB-KK-ÞGFFT;frumstigi, sterkri beygingu, karlkyni, þágufalli, fleirtölu;positive, degree, indefinite, masculine, dative, plural;
lo;FSB-KVK-EFET;frumstigi, sterkri beygingu, kvenkyni, eignarfalli, eintölu;positive, degree, indefinite, feminine, genitive, singular;
lo;FSB-KVK-EFFT;frumstigi, sterkri beygingu, kvenkyni, eignarfalli, fleirtölu;positive, degree, indefinite, feminine, genitive, plural;
lo;FSB-KVK-NFET;frumstigi, sterkri beygingu, kvenkyni, nefnifalli, eintölu;positive, degree, indefinite, feminine, nominative, singular;
lo;FSB-KVK-NFFT;frumstigi, sterkri beygingu, kvenkyni, nefnifalli, fleirtölu;positive, degree, indefinite, feminine, nominative, plural;
lo;FSB-KVK-ÞFET;frumstigi, sterkri beygingu, kvenkyni, þolfalli, eintölu;positive, degree, indefinite, feminine, accusative, singular;
lo;FSB-KVK-ÞFFT;frumstigi, sterkri beygingu, kvenkyni, þolfalli, fleirtölu;positive, degree, indefinite, feminine, accusative, plural;
lo;FSB-KVK-ÞGFET;frumstigi, sterkri beygingu, kvenkyni, þágufalli, eintölu;positive, degree, indefinite, feminine, dative, singular;
lo;FSB-KVK-ÞGFFT;frumstigi, sterkri beygingu, kvenkyni, þágufalli, fleirtölu;positive, degree, indefinite, feminine, dative, plural;
lo;FVB-HK-EFET;frumstigi, veikri beygingu, hvorugkyni, eignarfalli, eintölu;positive, degree, definite, neuter, genitive, singular;
lo;FVB-HK-EFFT;frumstigi, veikri beygingu, hvorugkyni, eignarfalli, fleirtölu;positive, degree, definite, neuter, genitive, plural;
lo;FVB-HK-NFET;frumstigi, veikri beygingu, hvorugkyni, nefnifalli, eintölu;positive, degree, definite, neuter, nominative, singular;
lo;FVB-HK-NFFT;frumstigi, veikri beygingu, hvorugkyni, nefnifalli, fleirtölu;positive, degree, definite, neuter, nominative, plural;
lo;FVB-HK-ÞFET;frumstigi, veikri beygingu, hvorugkyni, þolfalli, eintölu;positive, degree, definite, neuter, accusative, singular;
lo;FVB-HK-ÞFFT;frumstigi, veikri beygingu, hvorugkyni, þolfalli, fleirtölu;positive, degree, definite, accusative, plural;
lo;FVB-HK-ÞGFET;frumstigi, veikri beygingu, hvorugkyni, þágufalli, eintölu;positive, degree, definite, neuter, dative, singular;
lo;FVB-HK-ÞGFFT;frumstigi, veikri beygingu, hvorugkyni, þágufalli, fleirtölu;positive, degree, definite, neuter, dative, plural;
lo;FVB-KK-EFET;frumstigi, veikri beygingu, karlkyni, eignarfalli, eintölu;positive, degree, definite, neuter, genitive, singular;
lo;FVB-KK-EFFT;frumstigi, veikri beygingu, karlkyni, eignarfalli, fleirtölu;positive, degree, definite, masculine, genitive, plural;
lo;FVB-KK-NFET;frumstigi, veikri beygingu, karlkyni, nefnifalli, eintölu;positive, degree, definite, masculine, nominative, singular;
lo;FVB-KK-NFFT;frumstigi, veikri beygingu, karlkyni, nefnifalli, fleirtölu;positive, degree, definite, masculine, nominative, plural;
lo;FVB-KK-ÞFET;frumstigi, veikri beygingu, karlkyni, þolfalli, eintölu;positive, degree, definite, masculine, accusative, singular;
lo;FVB-KK-ÞFFT;frumstigi, veikri beygingu, karlkyni, þolfalli, fleirtölu;positive, degree, definite, masculine, accusative, plural;
lo;FVB-KK-ÞGFET;frumstigi, veikri beygingu, karlkyni, þágufalli, eintölu;positive, degree, definite, masculine, dative, singular;
lo;FVB-KK-ÞGFFT;frumstigi, veikri beygingu, karlkyni, þágufalli, fleirtölu;positive, degree, definite, masculine, dative, plural;
lo;FVB-KVK-EFET;frumstigi, veikri beygingu, kvenkyni, eignarfalli, eintölu;positive, degree, definite, feminine, genitive, singular;
lo;FVB-KVK-EFFT;frumstigi, veikri beygingu, kvenkyni, eignarfalli, fleirtölu;positive, degree, definite, feminine, genitive;
lo;FVB-KVK-NFET;frumstigi, veikri beygingu, kvenkyni, nefnifalli, eintölu;positive, degree, definite, feminine, nominative, singular;
lo;FVB-KVK-NFFT;frumstigi, veikri beygingu, kvenkyni, nefnifalli, fleirtölu;positive, degree, definite, feminine, nominative, plural;
lo;FVB-KVK-ÞFET;frumstigi, veikri beygingu, kvenkyni, þolfalli, eintölu;positive, degre, definite, feminine, accusative, singular;
lo;FVB-KVK-ÞFFT;frumstigi, veikri beygingu, kvenkyni, þolfalli, fleirtölu;positive, degree, definite, feminine, accusative, plural;
lo;FVB-KVK-ÞGFET;frumstigi, veikri beygingu, kvenkyni, þágufalli, eintölu;positive, degree, definite, feminine, dative, singular;
lo;FVB-KVK-ÞGFFT;frumstigi, veikri beygingu, kvenkyni, þágufalli, fleirtölu;positive, degree, definite, feminine, dative, plural;
lo;HK-EFET;hvorugkyni, eignarfalli, eintölu;neuter, genitive, singular;
lo;HK-EFFT;hvorugkyni, eignarfalli, fleirtölu;neuter, genitive, plural;
lo;HK-NFET;hvorugkyni, nefnifalli, eintölu;neuter, nominative, singular;
lo;HK-NFFT;hvorugkyni, nefnifalli, fleirtölu;neuter, nominative, plural;
lo;HK-ÞFET;hvorugkyni, þolfalli, eintölu;neuter, accusative, singular;
lo;HK-ÞFFT;hvorugkyni, þolfalli, fleirtölu;neuter, accusative, plural;
lo;HK-ÞGFET;hvorugkyni, þágufalli, eintölu;neuter, dative, singular;
lo;HK-ÞGFFT;hvorugkyni, þágufalli, fleirtölu;neuter, dative, plural;
lo;KK-EFET;karlkyni, eignarfalli, eintölu;masculine, genitive, singular;
lo;KK-EFFT;karlkyni, eignarfalli, fleirtölu;masculine, genitive, plural;
lo;KK-NFET;karlkyni, nefnifalli, eintölu;masculine, nominative, singular;
lo;KK-NFFT;karlkyni, nefnifalli, fleirtölu;masculine, nominative, plural;
lo;KK-ÞFET;karlkyni, þolfalli, eintölu;masculine, accusative, singular;
lo;KK-ÞFFT;karlkyni, þolfalli, fleirtölu;masculine, accusative, plural;
lo;KK-ÞGFET;karlkyni, þágufalli, eintölu;masculine, dative, singular;
lo;KK-ÞGFFT;karlkyni, þágufalli, fleirtölu;masculine, dative, plural;
lo;KVK-EFET;kvenkyni, eignarfalli, eintölu;feminine, genitive, singular;
lo;KVK-EFFT;kvenkyni, eignarfalli, fleirtölu;feminine, genitive, plural;
lo;KVK-NFET;kvenkyni, nefnifalli, eintölu;feminine, nominative, singular;
lo;KVK-NFFT;kvenkyni, nefnifalli, fleirtölu;feminine, nominative, plural;
lo;KVK-ÞFET;kvenkyni, þolfalli, eintölu;feminine, accusative, singular;
lo;KVK-ÞFFT;kvenkyni, þolfalli, fleirtölu;feminine, accusative, plural;
lo;KVK-ÞGFET;kvenkyni, þágufalli, eintölu;feminine, dative, singular;
lo;KVK-ÞGFFT;kvenkyni, þágufalli, fleirtölu;feminine, dative, plural;
lo;MST-HK-EFET;miðstigi, sterkri beygingu, hvorugkyni, eignarfalli, eintölu;comparative, neuter, genitive, singular;
lo;MST-HK-EFFT;miðstigi, sterkri beygingu, hvorugkyni, eignarfalli, fleirtölu;comparative, neuter, genitive, plural;
lo;MST-HK-NFET;miðstigi, sterkri beygingu, hvorugkyni, nefnifalli, eintölu;comparative, neuter, nominative, singular;
lo;MST-HK-NFFT;miðstigi, sterkri beygingu, hvorugkyni, nefnifalli, fleirtölu;comparative, neuter, nominative, plural;
lo;MST-HK-ÞFET;miðstigi, sterkri beygingu, hvorugkyni, þolfalli, eintölu;comparative, neuter, accusative, singular;
lo;MST-HK-ÞFFT;miðstigi, sterkri beygingu, hvorugkyni, þolfalli, fleirtölu;comparative, neuter, accusative, plural;
lo;MST-HK-ÞGFET;miðstigi, sterkri beygingu, hvorugkyni, þágufalli, eintölu;comparative, neuter, dative, singular;
lo;MST-HK-ÞGFFT;miðstigi, sterkri beygingu, hvorugkyni, þágufalli, fleirtölu;comparative, neuter, dative, plural;
lo;MST-KK-EFET;miðstigi, sterkri beygingu, karlkyni, eignarfalli, eintölu;comparative, masculine, genitive, singular;
lo;MST-KK-EFFT;miðstigi, sterkri beygingu, karlkyni, eignarfalli, fleirtölu;comparative, masculine, genitive, plural;
lo;MST-KK-NFET;miðstigi, sterkri beygingu, karlkyni, nefnifalli, eintölu;comparative, masculine, nominative, singular;
lo;MST-KK-NFFT;miðstigi, sterkri beygingu, karlkyni, nefnifalli, fleirtölu;comparative, masculine, nominative, plural;
lo;MST-KK-ÞFET;miðstigi, sterkri beygingu, karlkyni, þolfalli, eintölu;comparative, masculine, accusative, singular;
lo;MST-KK-ÞFFT;miðstigi, sterkri beygingu, karlkyni, þolfalli, fleirtölu;comparative, masculine, accusative, plural;
lo;MST-KK-ÞGFET;miðstigi, sterkri beygingu, karlkyni, þágufalli, eintölu;comparative, masculine, dative, singular;
lo;MST-KK-ÞGFFT;miðstigi, sterkri beygingu, karlkyni, þágufalli, fleirtölu;comparative, masculine, dative, plural;
lo;MST-KVK-EFET;miðstigi, sterkri beygingu, kvenkyni, eignarfalli, eintölu;comparative, feminine, genitive, singular;
lo;MST-KVK-EFFT;miðstigi, sterkri beygingu, kvenkyni, eignarfalli, fleirtölu;comparative, feminine, genitive, plural;
lo;MST-KVK-NFET;miðstigi, sterkri beygingu, kvenkyni, nefnifalli, eintölu;comparative, feminine, nominative, singular;
lo;MST-KVK-NFFT;miðstigi, sterkri beygingu, kvenkyni, nefnifalli, fleirtölu;comparative, feminine, nominative, plural;
lo;MST-KVK-ÞFET;miðstigi, sterkri beygingu, kvenkyni, þolfalli, eintölu;comparative, feminine, accusative, singular;
lo;MST-KVK-ÞFFT;miðstigi, sterkri beygingu, kvenkyni, þolfalli, fleirtölu;comparative, feminine, accusative, plural;
lo;MST-KVK-ÞGFET;miðstigi, sterkri beygingu, kvenkyni, þágufalli, eintölu;comparative, feminine, dative, singular;
lo;MST-KVK-ÞGFFT;miðstigi, sterkri beygingu, kvenkyni, þágufalli, fleirtölu;comparative, feminine, dative, plural;
lo;MST-SB-HK-ÞGFET;miðstigi, sterkri beygingu, hvorugkyni, þágufalli, eintölu;comparative, indefinite, neuter, dative, singular;
lo;MST-SB-KK-ÞGFFT;miðstigi, sterkri beygingu, karlkyni, þágufalli, fleirtölu;comparative, indefinite, masculine, dative, plural;
pfn;EFET;eignarfalli, eintölu;genitive, singular;
pfn;EFFT;eignarfalli, fleirtölu;genitive, plural;
pfn;NFET;nefnifalli, eintölu;nominative, singular;
pfn;NFFT;nefnifalli, fleirtölu;nominative, plural;
pfn;ÞFET;þolfalli, eintölu;accusative, singular;
pfn;ÞFFT;þolfalli, fleirtölu;accusative, plural;
pfn;ÞGFET;þágufalli, eintölu;dative, singular;
pfn;ÞGFFT;þágufalli, fleirtölu;dative, plural;
so;GM-BH-ET;germynd, boðhætti, eintölu;active, voice, imperative, singular;
so;GM-BH-FT;germynd, boðhætti, fleirtölu;active, voice, imperative, plural;
so;GM-BH-ST;germynd, stýfður, boðhætti;active, voice, clipped, imperative;
so;GM-FH-NT-1P-ET;germynd, framsöguhætti, nútíð, 1. persónu, eintölu;active, voice, indicative, present, tense, 1st, person, singular;
so;GM-FH-NT-1P-FT;germynd, framsöguhætti, nútíð, 1. persónu, fleirtölu;active, voice, indicative, present, tense, 1st, person, plural;
so;GM-FH-NT-2P-ET;germynd, framsöguhætti, nútíð, 2. persónu, eintölu;active, voice, indicative, present, tense, 2nd, person, singular;
so;GM-FH-NT-2P-FT;germynd, framsöguhætti, nútíð, 2. persónu, fleirtölu;active, voice, indicative, present, tense, 2nd, person, plural;
so;GM-FH-NT-3P-ET;germynd, framsöguhætti, nútíð, 3. persónu, eintölu;active, voice, indicative, present, tense, 3rd, person, singular;
so;GM-FH-NT-3P-FT;germynd, framsöguhætti, nútíð, 3. persónu, fleirtölu;active, voice, indicative, present, tense, 3rd, person, plural;
so;GM-FH-ÞT-1P-ET;germynd, framsöguhætti, þátíð, 1. persónu, eintölu;active, voice, indicative, past, tense, 1st, person, singular;
so;GM-FH-ÞT-1P-FT;germynd, framsöguhætti, þátíð, 1. persónu, fleirtölu;active, voice, indicative, past, tense, 1st, person, plural;
so;GM-FH-ÞT-2P-ET;germynd, framsöguhætti, þátíð, 2. persónu, eintölu;active, voice, indicative, past, tense, 2nd, person, singular;
so;GM-FH-ÞT-2P-FT;germynd, framsöguhætti, þátíð, 2. persónu, fleirtölu;active, voice, indicative, past, tense, 2nd, person, plural;
so;GM-FH-ÞT-3P-ET;germynd, framsöguhætti, þátíð, 3. persónu, eintölu;active, voice, indicative, past, tense, 3rd, person, singular;
so;GM-FH-ÞT-3P-FT;germynd, framsöguhætti, þátíð, 3. persónu, fleirtölu;active, voice, indicative, past, tense, 3rd, person, plural;
so;GM-NH;germynd, nafnhætti;active, voice, infinitive;
so;GM-NH-ÞT;germynd, nafnhætti, þátíð;active, voice, infinitive, past, tense;
so;GM-SAGNB;germynd, sagnbót;active, voice, supine;
so;GM-VH-NT-1P-ET;germynd, viðtengingarhætti, nútíð, 1. persónu, eintölu;active, voice, subjunctive, present, tense, 1st, person, singular;
so;GM-VH-NT-1P-FT;germynd, viðtengingarhætti, nútíð, 1. persónu, fleirtölu;active, voice, subjunctive, present, tense, 1st, person, plural;
so;GM-VH-NT-2P-ET;germynd, viðtengingarhætti, nútíð, 2. persónu, eintölu;active, voice, subjunctive, present, tense, 2nd, person, singular;
so;GM-VH-NT-2P-FT;germynd, viðtengingarhætti, nútíð, 2. persónu, fleirtölu;active, voice, subjunctive, present, tense, 2nd, person, plural;
so;GM-VH-NT-3P-ET;germynd, viðtengingarhætti, nútíð, 3. persónu, eintölu;active, voice, subjunctive, present, tense, 3rd, person, singular;
so;GM-VH-NT-3P-FT;germynd, viðtengingarhætti, nútíð, 3. persónu, fleirtölu;active, voice, subjunctive, present, tense, 3rd, person, plural;
so;GM-VH-ÞT-1P-ET;germynd, viðtengingarhætti, þátíð, 1. persónu, eintölu;active, voice, subjunctive, present, tense, 1st, person, singular;
so;GM-VH-ÞT-1P-FT;germynd, viðtengingarhætti, þátíð, 1. persónu, fleirtölu;active, voice, subjunctive, present, tense, 1st, person, plural;
so;GM-VH-ÞT-2P-ET;germynd, viðtengingarhætti, þátíð, 2. persónu, eintölu;active, voice, subjunctive, present, tense, 2nd, person, singular;
so;GM-VH-ÞT-2P-FT;germynd, viðtengingarhætti, þátíð, 2. persónu, fleirtölu;active, voice, subjunctive, present, tense, 2nd, person, plural;
so;GM-VH-ÞT-3P-ET;germynd, viðtengingarhætti, þátíð, 3. persónu, eintölu;active, voice, subjunctive, present, tense, 3rd, person, singular;
so;GM-VH-ÞT-3P-FT;germynd, viðtengingarhætti, þátíð, 3. persónu, fleirtölu;active, voice, subjunctive, present, tense, 3rd, person, plural;
so;LHNT;lýsingarhætti nútíðar;present, participle;
so;LHÞT-SB-HK-EFET;lýsingarhætti þátíðar, hvorugkyni, eignarfalli, eintölu;past, participle, indefinite, neuter, genitive, singular;
so;LHÞT-SB-HK-EFFT;lýsingarhætti þátíðar, hvorugkyni, eignarfalli, fleirtölu;past, participle, indefinite, neuter, genitive, plural;
so;LHÞT-SB-HK-NFET;lýsingarhætti þátíðar, hvorugkyni, nefnifalli, eintölu;past, participle, indefinite, neuter, nominative, singular;
so;LHÞT-SB-HK-NFFT;lýsingarhætti þátíðar, hvorugkyni, nefnifalli, fleirtölu;past, participle, indefinite, neuter, nominative, plural;
so;LHÞT-SB-HK-ÞFET;lýsingarhætti þátíðar, hvorugkyni, þolfalli, eintölu;past, participle, indefinite, neuter, accusative, singular;
so;LHÞT-SB-HK-ÞFFT;lýsingarhætti þátíðar, hvorugkyni, þolfalli, fleirtölu;past, participle, indefinite, neuter, accusative, plural;
so;LHÞT-SB-HK-ÞGFET;lýsingarhætti þátíðar, hvorugkyni, þágufalli, eintölu;past, participle, indefinite, neuter, dative, singular;
so;LHÞT-SB-HK-ÞGFFT;lýsingarhætti þátíðar, hvorugkyni, þágufalli, fleirtölu;past, participle, indefinite, neuter, dative, plural;
so;LHÞT-SB-KK-EFET;lýsingarhætti þátíðar, karlkyni, eignarfalli, eintölu;past, participle, indefinite, masculine, genitive, singular;
so;LHÞT-SB-KK-EFFT;lýsingarhætti þátíðar, karlkyni, eignarfalli, fleirtölu;past, participle, indefinite, masculine, genitive, plural;
so;LHÞT-SB-KK-NFET;lýsingarhætti þátíðar, karlkyni, nefnifalli, eintölu;past, participle, indefinite, masculine, nominative, singular;
so;LHÞT-SB-KK-NFFT;lýsingarhætti þátíðar, karlkyni, nefnifalli, fleirtölu;past, participle, indefinite, masculine, nominative, plural;
so;LHÞT-SB-KK-ÞFET;lýsingarhætti þátíðar, karlkyni, þolfalli, eintölu;past, participle, indefinite, masculine, accusative, singular;
so;LHÞT-SB-KK-ÞFFT;lýsingarhætti þátíðar, karlkyni, þolfalli, fleirtölu;past, participle, indefinite, masculine, accusative, plural;
so;LHÞT-SB-KK-ÞGFET;lýsingarhætti þátíðar, karlkyni, þágufalli, eintölu;past, participle, indefinite, masculine, dative, singular;
so;LHÞT-SB-KK-ÞGFFT;lýsingarhætti þátíðar, karlkyni, þágufalli, fleirtölu;past, participle, indefinite, masculine, dative, plural;
so;LHÞT-SB-KVK-EFET;lýsingarhætti þátíðar, kvenkyni, eignarfalli, eintölu;past, participle, indefinite, feminine, genitive, singular;
so;LHÞT-SB-KVK-EFFT;lýsingarhætti þátíðar, kvenkyni, eignarfalli, fleirtölu;past, participle, indefinite, feminine, genitive, plural;
so;LHÞT-SB-KVK-NFET;lýsingarhætti þátíðar, kvenkyni, nefnifalli, eintölu;past, participle, indefinite, feminine, nominative, singular;
so;LHÞT-SB-KVK-NFFT;lýsingarhætti þátíðar, kvenkyni, nefnifalli, fleirtölu;past, participle, indefinite, feminine, nominative, plural;
so;LHÞT-SB-KVK-ÞFET;lýsingarhætti þátíðar, kvenkyni, þolfalli, eintölu;past, participle, indefinite, feminine, accusative, singular;
so;LHÞT-SB-KVK-ÞFFT;lýsingarhætti þátíðar, kvenkyni, þolfalli, fleirtölu;past, participle, indefinite, feminine, accusative, plural;
so;LHÞT-SB-KVK-ÞGFET;lýsingarhætti þátíðar, kvenkyni, þágufalli, eintölu;past, participle, indefinite, feminine, dative, singular;
so;LHÞT-SB-KVK-ÞGFFT;lýsingarhætti þátíðar, kvenkyni, þágufalli, fleirtölu;past, participle, indefinite, feminine, dative, plural;
so;LHÞT-VB-HK-EFET;lýsingarhætti þátíðar, hvorugkyni, eignarfalli, eintölu;past, participle, definite, neuter, genitive, singular;
so;LHÞT-VB-HK-EFFT;lýsingarhætti þátíðar, hvorugkyni, eignarfalli, fleirtölu;past, participle, definite, neuter, genitive, plural;
so;LHÞT-VB-HK-NFET;lýsingarhætti þátíðar, hvorugkyni, nefnifalli, eintölu;past, participle, definite, neuter, nominative, singular;
so;LHÞT-VB-HK-NFFT;lýsingarhætti þátíðar, hvorugkyni, nefnifalli, fleirtölu;past, participle, definite, neuter, nominative, plural;
so;LHÞT-VB-HK-ÞFET;lýsingarhætti þátíðar, hvorugkyni, þolfalli, eintölu;past, participle, definite, neuter, accusative, singular;
so;LHÞT-VB-HK-ÞFFT;lýsingarhætti þátíðar, hvorugkyni, þolfalli, fleirtölu;past, participle, definite, neuter, accusative, plural;
so;LHÞT-VB-HK-ÞGFET;lýsingarhætti þátíðar, hvorugkyni, þágufalli, eintölu;past, participle, definite, neuter, dative, singular;
so;LHÞT-VB-HK-ÞGFFT;lýsingarhætti þátíðar, hvorugkyni, þágufalli, fleirtölu;past, participle, definite, neuter, dative, plural;
so;LHÞT-VB-KK-EFET;lýsingarhætti þátíðar, karlkyni, eignarfalli, eintölu;past, participle, definite, masculine, genitive, singular;
so;LHÞT-VB-KK-EFFT;lýsingarhætti þátíðar, karlkyni, eignarfalli, fleirtölu;past, participle, definite, masculine, genitive, plural;
so;LHÞT-VB-KK-NFET;lýsingarhætti þátíðar, karlkyni, nefnifalli, eintölu;past, participle, definite, masculine, nominative, singular;
so;LHÞT-VB-KK-NFFT;lýsingarhætti þátíðar, karlkyni, nefnifalli, fleirtölu;past, participle, definite, masculine, nominative, plural;
so;LHÞT-VB-KK-ÞFET;lýsingarhætti þátíðar, karlkyni, þolfalli, eintölu;past, participle, definite, masculine, accusative, singular;
so;LHÞT-VB-KK-ÞFFT;lýsingarhætti þátíðar, karlkyni, þolfalli, fleirtölu;past, participle, definite, masculine, accusative, plural;
so;LHÞT-VB-KK-ÞGFET;lýsingarhætti þátíðar, karlkyni, þágufalli, eintölu;past, participle, definite, masculine, dative, singular;
so;LHÞT-VB-KK-ÞGFFT;lýsingarhætti þátíðar, karlkyni, þágufalli, fleirtölu;past, participle, definite, masculine, dative, plural;
so;LHÞT-VB-KVK-EFET;lýsingarhætti þátíðar, kvenkyni, eignarfalli, eintölu;past, participle, definite, feminine, genitive, singular;
so;LHÞT-VB-KVK-EFFT;lýsingarhætti þátíðar, kvenkyni, eignarfalli, fleirtölu;past, participle, definite, feminine, genitive, plural;
so;LHÞT-VB-KVK-NFET;lýsingarhætti þátíðar, kvenkyni, nefnifalli, eintölu;past, participle, definite, feminine, nominative, singular;
so;LHÞT-VB-KVK-NFFT;lýsingarhætti þátíðar, kvenkyni, nefnifalli, fleirtölu;past, participle, definite, feminine, nominative, plural;
so;LHÞT-VB-KVK-ÞFET;lýsingarhætti þátíðar, kvenkyni, þolfalli, eintölu;past, participle, definite, feminine, accusative, singular;
so;LHÞT-VB-KVK-ÞFFT;lýsingarhætti þátíðar, kvenkyni, þolfalli, fleirtölu;past, participle, definite, feminine, accusative, plural;
so;LHÞT-VB-KVK-ÞGFET;lýsingarhætti þátíðar, kvenkyni, þágufalli, eintölu;past, participle, definite, feminine, dative, singular;
so;LHÞT-VB-KVK-ÞGFFT;lýsingarhætti þátíðar, kvenkyni, þágufalli, fleirtölu;past, participle, definite, feminine, dative, plural;
so;MM-BH-ET;miðmynd, boðhætti, eintölu;middle, voice, imperative, singular;
so;MM-BH-FT;miðmynd, boðhætti, fleirtölu;middle, voice, imperative, plural;
so;MM-FH-NT-1P-ET;miðmynd, framsöguhætti, nútíð, 1. persónu, eintölu;middle, voice, indicative, present, tense, 1st, person, singular;
so;MM-FH-NT-1P-FT;miðmynd, framsöguhætti, nútíð, 1. persónu, fleirtölu;middle, voice, indicative, present, tense, 1st, person, plural;
so;MM-FH-NT-2P-ET;miðmynd, framsöguhætti, nútíð, 2. persónu, eintölu;middle, voice, indicative, present, tense, 2nd, person, singular;
so;MM-FH-NT-2P-FT;miðmynd, framsöguhætti, nútíð, 2. persónu, fleirtölu;middle, voice, indicative, present, tense, 2nd, person, plural;
so;MM-FH-NT-3P-ET;miðmynd, framsöguhætti, nútíð, 3. persónu, eintölu;middle, voice, indicative, present, tense, 3rd, person, singular;
so;MM-FH-NT-3P-FT;miðmynd, framsöguhætti, nútíð, 3. persónu, fleirtölu;middle, voice, indicative, present, tense, 3rd, person, plural;
so;MM-FH-ÞT-1P-ET;miðmynd, framsöguhætti, þátíð, 1. persónu, eintölu;middle, voice, indicative, past, tense, 1st, person, singular;
so;MM-FH-ÞT-1P-FT;miðmynd, framsöguhætti, þátíð, 1. persónu, fleirtölu;middle, voice, indicative, past, tense, 1st, person, plural;
so;MM-FH-ÞT-2P-ET;miðmynd, framsöguhætti, þátíð, 2. persónu, eintölu;middle, voice, indicative, past, tense, 2nd, person, singular;
so;MM-FH-ÞT-2P-FT;miðmynd, framsöguhætti, þátíð, 2. persónu, fleirtölu;middle, voice, indicative, past, tense, 2nd, person, plural;
so;MM-FH-ÞT-3P-ET;miðmynd, framsöguhætti, þátíð, 3. persónu, eintölu;middle, voice, indicative, past, tense, 3rd, person, singular;
so;MM-FH-ÞT-3P-FT;miðmynd, framsöguhætti, þátíð, 3. persónu, fleirtölu;middle, voice, indicative, past, tense, 3rd, person, plural;
so;MM-NH;miðmynd, nafnhætti;middle, voice, infinitive;
so;MM-SAGNB;miðmynd, sagnbót;middle, voice, supine;
so;MM-VH-NT-1P-ET;miðmynd, viðtengingarhætti, nútíð, 1. persónu, eintölu;middle, voice, subjunctive, present, tense, 1st, person, singular;
so;MM-VH-NT-1P-FT;miðmynd, viðtengingarhætti, nútíð, 1. persónu, fleirtölu;middle, voice, subjunctive, present, tense, 1st, person, plural;
so;MM-VH-NT-2P-ET;miðmynd, viðtengingarhætti, nútíð, 2. persónu, eintölu;middle, voice, subjunctive, present, tense, 2nd, person, singular;
so;MM-VH-NT-2P-FT;miðmynd, viðtengingarhætti, nútíð, 2. persónu, fleirtölu;middle, voice, subjunctive, present, tense, 2nd, person, plural;
so;MM-VH-NT-3P-ET;miðmynd, viðtengingarhætti, nútíð, 3. persónu, eintölu;middle, voice, subjunctive, present, tense, 3rd, person, singular;
so;MM-VH-NT-3P-FT;miðmynd, viðtengingarhætti, nútíð, 3. persónu, fleirtölu;middle, voice, subjunctive, present, tense, 3rd, person, plural;
so;MM-VH-ÞT-1P-ET;miðmynd, viðtengingarhætti, þátíð, 1. persónu, eintölu;middle, voice, subjunctive, past, tense, 1st, person, singular;
so;MM-VH-ÞT-1P-FT;miðmynd, viðtengingarhætti, þátíð, 1. persónu, fleirtölu;middle, voice, subjunctive, past, tense, 1st, person, plural;
so;MM-VH-ÞT-2P-ET;miðmynd, viðtengingarhætti, þátíð, 2. persónu, eintölu;middle, voice, subjunctive, past, tense, 2nd, person, singular;
so;MM-VH-ÞT-2P-FT;miðmynd, viðtengingarhætti, þátíð, 2. persónu, fleirtölu;middle, voice, subjunctive, past, tense, 2nd, person, plural;
so;MM-VH-ÞT-3P-ET;miðmynd, viðtengingarhætti, þátíð, 3. persónu, eintölu;middle, voice, subjunctive, past, tense, 3rd, person, singular;
so;MM-VH-ÞT-3P-FT;miðmynd, viðtengingarhætti, þátíð, 3. persónu, fleirtölu;middle, voice, subjunctive, past, tense, 3rd, person, plural;
so;OP-EF-GM-FH-NT-1P-ET;ópersónulegri beygingu, eignarfallisfrumlagi, germynd, framsöguhætti, nútíð, 1. persónu, eintölu;impersonal, genitive, subject, active, voice, indicative, present, tense, 1st, person, singular;
so;OP-EF-GM-FH-NT-1P-FT;ópersónulegri beygingu, eignarfallisfrumlagi, germynd, framsöguhætti, nútíð, 1. persónu, fleirtölu;impersonal, genitive, subject, active, voice, indicative, present, tense, 1st, person, plural;
so;OP-EF-GM-FH-NT-2P-ET;ópersónulegri beygingu, eignarfallisfrumlagi, germynd, framsöguhætti, nútíð, 2. persónu, eintölu;impersonal, genitive, subject, active, voice, indicative, present, tense, 2nd, person, singular;
so;OP-EF-GM-FH-NT-2P-FT;ópersónulegri beygingu, eignarfallisfrumlagi, germynd, framsöguhætti, nútíð, 2. persónu, fleirtölu;impersonal, genitive, subject, active, voice, indicative, present, tense, 2nd, person, plural;
so;OP-EF-GM-FH-NT-3P-ET;ópersónulegri beygingu, eignarfallisfrumlagi, germynd, framsöguhætti, nútíð, 3. persónu, eintölu;impersonal, genitive, subject, active, voice, indicative, present, tense, 3rd, person, singular;
so;OP-EF-GM-FH-NT-3P-FT;ópersónulegri beygingu, eignarfallisfrumlagi, germynd, framsöguhætti, nútíð, 3. persónu, fleirtölu;impersonal, genitive, subject, active, voice, indicative, present, tense, 3rd, person, plural;
so;OP-EF-GM-FH-ÞT-1P-ET;ópersónulegri beygingu, eignarfallisfrumlagi, germynd, framsöguhætti, þátíð, 1. persónu, eintölu;impersonal, genitive, subject, active, voice, indicative, past, tense, 1st, person, singular;
so;OP-EF-GM-FH-ÞT-1P-FT;ópersónulegri beygingu, eignarfallisfrumlagi, germynd, framsöguhætti, þátíð, 1. persónu, fleirtölu;impersonal, genitive, subject, active, voice, indicative, past, tense, 1st, person, plural;
so;OP-EF-GM-FH-ÞT-2P-ET;ópersónulegri beygingu, eignarfallisfrumlagi, germynd, framsöguhætti, þátíð, 2. persónu, eintölu;impersonal, genitive, subject, active, voice, indicative, past, tense, 2nd, person, singular;
so;OP-EF-GM-FH-ÞT-2P-FT;ópersónulegri beygingu, eignarfallisfrumlagi, germynd, framsöguhætti, þátíð, 2. persónu, fleirtölu;impersonal, genitive, subject, active, voice, indicativepast, tense, 2nd, person, plural;
so;OP-EF-GM-FH-ÞT-3P-ET;ópersónulegri beygingu, eignarfallisfrumlagi, germynd, framsöguhætti, þátíð, 3. persónu, eintölu;impersonal, genitive, subject, active, voice, indicative, past, tense, 3rd, person, singular;
so;OP-EF-GM-FH-ÞT-3P-FT;ópersónulegri beygingu, eignarfallisfrumlagi, germynd, framsöguhætti, þátíð, 3. persónu, fleirtölu;impersonal, genitive, subject, active, voice, indicativepast, tense, 3rd, person, plural;
so;OP-EF-GM-VH-NT-1P-ET;ópersónulegri beygingu, eignarfallisfrumlagi, germynd, viðtengingarhætti, nútíð, 1. persónu, eintölu;impersonal, genitive, subject, active, voice, subjunctive, present, tense, 1st, person, singular;
so;OP-EF-GM-VH-NT-1P-FT;ópersónulegri beygingu, eignarfallisfrumlagi, germynd, viðtengingarhætti, nútíð, 1. persónu, fleirtölu;impersonal, genitive, subject, active, voice, subjunctive, present, tense, 1st, person, plural;
so;OP-EF-GM-VH-NT-2P-ET;ópersónulegri beygingu, eignarfallisfrumlagi, germynd, viðtengingarhætti, nútíð, 2. persónu, eintölu;impersonal, genitive, subject, active, voice, subjunctive, present, tense, 2nd, person, singular;
so;OP-EF-GM-VH-NT-2P-FT;ópersónulegri beygingu, eignarfallisfrumlagi, germynd, viðtengingarhætti, nútíð, 2. persónu, fleirtölu;impersonal, genitive, subject, active, voice, subjunctive, present, tense, 2nd, person, plural;
so;OP-EF-GM-VH-NT-3P-ET;ópersónulegri beygingu, eignarfallisfrumlagi, germynd, viðtengingarhætti, nútíð, 3. persónu, eintölu;impersonal, genitive, subject, active, voice, subjunctive, present, tense, 3rd, person, singular;
so;OP-EF-GM-VH-NT-3P-FT;ópersónulegri beygingu, eignarfallisfrumlagi, germynd, viðtengingarhætti, nútíð, 3. persónu, fleirtölu;impersonal, genitive, subject, active, voice, subjunctive, present, tense, 3rd, person, plural;
so;OP-EF-GM-VH-ÞT-1P-ET;ópersónulegri beygingu, eignarfallisfrumlagi, germynd, viðtengingarhætti, þátíð, 1. persónu, eintölu;impersonal, genitive, subject, active, voice, subjunctive, past, tense, 1st, person, singular;
so;OP-EF-GM-VH-ÞT-1P-FT;ópersónulegri beygingu, eignarfallisfrumlagi, germynd, viðtengingarhætti, þátíð, 1. persónu, fleirtölu;impersonal, genitive, subject, active, voice, subjunctive, past, tense, 1st, person, plural;
so;OP-EF-GM-VH-ÞT-2P-ET;ópersónulegri beygingu, eignarfallisfrumlagi, germynd, viðtengingarhætti, þátíð, 2. persónu, eintölu;impersonal, genitive, subject, active, voice, subjunctive, past, tense, 2nd, person, singular;
so;OP-EF-GM-VH-ÞT-2P-FT;ópersónulegri beygingu, eignarfallisfrumlagi, germynd, viðtengingarhætti, þátíð, 2. persónu, fleirtölu;impersonal, genitive, subject, active, voice, subjunctive, past, tense, 2nd, person, plural;
so;OP-EF-GM-VH-ÞT-3P-ET;ópersónulegri beygingu, eignarfallisfrumlagi, germynd, viðtengingarhætti, þátíð, 3. persónu, eintölu;impersonal, genitive, subject, active, voice, subjunctive, past, tense, 3rd, person, singular;
so;OP-EF-GM-VH-ÞT-3P-FT;ópersónulegri beygingu, eignarfallisfrumlagi, germynd, viðtengingarhætti, þátíð, 3. persónu, fleirtölu;impersonal, genitive, subject, active, voice, subjunctive, past, tense, 3rd, person, plural;
so;OP-það-GM-FH-NT-3P-ET;ópersónulegri beygingu, gervifrumlagi, germynd, framsöguhætti, nútíð, 3. persónu, eintölu;impersonal, dummy, subject, active, voice, indicative, present, tense, 3rd, person, singular;
so;OP-það-GM-FH-ÞT-3P-ET;ópersónulegri beygingu, gervifrumlagi, germynd, framsöguhætti, þátíð, 3. persónu, eintölu;impersonal, dummy, subject, active, voice, indicative, past, tense, 3rd, person, singular;
so;OP-það-GM-VH-NT-3P-ET;ópersónulegri beygingu, gervifrumlagi, germynd, viðtengingarhætti, nútíð, 3. persónu, eintölu;impersonal, dummy, subject, active, voice, subjunctive, present, tense, 3rd, person, singular;
so;OP-það-GM-VH-ÞT-3P-3P;ópersónulegri beygingu, gervifrumlagi, germynd, viðtengingarhætti, þátíð, 3. persónu, eintölu;impersonal, dummy, subject, active, voice, subjunctive, past, tense, 3rd, person, singular;
so;OP-það-MM-FH-NT-3P-ET;ópersónulegri beygingu, gervifrumlagi, miðmynd, framsöguhætti, nútíð, 3. persónu, eintölu;impersonal, dummy, subject, mediopassive, voice, indicative, present, tense, 3rd, person, singular;
so;OP-það-MM-FH-ÞT-3P-ET;ópersónulegri beygingu, gervifrumlagi, miðmynd, framsöguhætti, þátíð, 3. persónu, eintölu;impersonal, dummy, subject, mediopassive, voice, indicative, past, tense, 3rd, person, singular;
so;OP-það-MM-VH-NT-3P-ET;ópersónulegri beygingu, gervifrumlagi, miðmynd, viðtengingarhætti, nútíð, 3. persónu, eintölu;impersonal, dummy, subject, mediopassive, voice, subjunctive, present, tense, 3rd, person, singular;
so;OP-það-MM-VH-ÞT-3P-ET;ópersónulegri beygingu, gervifrumlagi, miðmynd, viðtengingarhætti, þátíð, 3. persónu, eintölu;impersonal, dummy, subject, mediopassive, voice, subjunctive, past, tense, 3rd, person, singular;
so;OP-ÞF-GM-FH-NT-1P-ET;ópersónulegri beygingu, þolfallisfrumlagi, germynd, framsöguhætti, nútíð, 1. persónu, eintölu;impersonal, accusative, subject, active, voice, indicative, present, tense, 1st, person, singular;
so;OP-ÞF-GM-FH-NT-1P-FT;ópersónulegri beygingu, þolfallisfrumlagi, germynd, framsöguhætti, nútíð, 1. persónu, fleirtölu;impersonal, accusative, subject, active, voice, indicative, present, tense, 1st, person, plural;
so;OP-ÞF-GM-FH-NT-2P-ET;ópersónulegri beygingu, þolfallisfrumlagi, germynd, framsöguhætti, nútíð, 2. persónu, eintölu;impersonal, accusative, subject, active, voice, indicative, present, tense, 2nd, person, singular;
so;OP-ÞF-GM-FH-NT-2P-FT;ópersónulegri beygingu, þolfallisfrumlagi, germynd, framsöguhætti, nútíð, 2. persónu, fleirtölu;impersonal, accusative, subject, active, voice, indicative, present, tense, 2nd, person, plural;
so;OP-ÞF-GM-FH-NT-3P-ET;ópersónulegri beygingu, þolfallisfrumlagi, germynd, framsöguhætti, nútíð, 3. persónu, eintölu;impersonal, accusative, subject, active, voice, indicative, present, tense, 3rd, person, singular;
so;OP-ÞF-GM-FH-NT-3P-FT;ópersónulegri beygingu, þolfallisfrumlagi, germynd, framsöguhætti, nútíð, 3. persónu, fleirtölu;impersonal, accusative, subject, active, voice, indicative, present, tense, 3rd, person, plural;
so;OP-ÞF-GM-FH-ÞT-1P-ET;ópersónulegri beygingu, þolfallisfrumlagi, germynd, framsöguhætti, þátíð, 1. persónu, eintölu;impersonal, accusative, subject, active, voice, indicative, past, tense, 1st, person, singular;
so;OP-ÞF-GM-FH-ÞT-1P-FT;ópersónulegri beygingu, þolfallisfrumlagi, germynd, framsöguhætti, þátíð, 1. persónu, fleirtölu;impersonal, accusative, subject, active, voice, indicative, past, tense, 1st, person, plural;
so;OP-ÞF-GM-FH-ÞT-2P-ET;ópersónulegri beygingu, þolfallisfrumlagi, germynd, framsöguhætti, þátíð, 2. persónu, eintölu;impersonal, accusative, subject, active, voice, indicative, past, tense, 2nd, person, singular;
so;OP-ÞF-GM-FH-ÞT-2P-FT;ópersónulegri beygingu, þolfallisfrumlagi, germynd, framsöguhætti, þátíð, 2. persónu, fleirtölu;impersonal, accusative, subject, active, voice, indicativepast, tense, 2nd, person, plural;
so;OP-ÞF-GM-FH-ÞT-3P-ET;ópersónulegri beygingu, þolfallisfrumlagi, germynd, framsöguhætti, þátíð, 3. persónu, eintölu;impersonal, accusative, subject, active, voice, indicative, past, tense, 3rd, person, singular;
so;OP-ÞF-GM-FH-ÞT-3P-FT;ópersónulegri beygingu, þolfallisfrumlagi, germynd, framsöguhætti, þátíð, 3. persónu, fleirtölu;impersonal, accusative, subject, active, voice, indicativepast, tense, 3rd, person, plural;
so;OP-ÞF-GM-VH-NT-1P-ET;ópersónulegri beygingu, þolfallisfrumlagi, germynd, viðtengingarhætti, nútíð, 1. persónu, eintölu;impersonal, accusative, subject, active, voice, subjunctive, present, tense, 1st, person, singular;
so;OP-ÞF-GM-VH-NT-1P-FT;ópersónulegri beygingu, þolfallisfrumlagi, germynd, viðtengingarhætti, nútíð, 1. persónu, fleirtölu;impersonal, accusative, subject, active, voice, subjunctive, present, tense, 1st, person, plural;
so;OP-ÞF-GM-VH-NT-2P-ET;ópersónulegri beygingu, þolfallisfrumlagi, germynd, viðtengingarhætti, nútíð, 2. persónu, eintölu;impersonal, accusative, subject, active, voice, subjunctive, present, tense, 2nd, person, singular;
so;OP-ÞF-GM-VH-NT-2P-FT;ópersónulegri beygingu, þolfallisfrumlagi, germynd, viðtengingarhætti, nútíð, 2. persónu, fleirtölu;impersonal, accusative, subject, active, voice, subjunctive, present, tense, 2nd, person, plural;
so;OP-ÞF-GM-VH-NT-3P-ET;ópersónulegri beygingu, þolfallisfrumlagi, germynd, viðtengingarhætti, nútíð, 3. persónu, eintölu;impersonal, accusative, subject, active, voice, subjunctive, present, tense, 3rd, person, singular;
so;OP-ÞF-GM-VH-NT-3P-FT;ópersónulegri beygingu, þolfallisfrumlagi, germynd, viðtengingarhætti, nútíð, 3. persónu, fleirtölu;impersonal, accusative, subject, active, voice, subjunctive, present, tense, 3rd, person, plural;
so;OP-ÞF-GM-VH-ÞT-1P-ET;ópersónulegri beygingu, þolfallisfrumlagi, germynd, viðtengingarhætti, þátíð, 1. persónu, eintölu;impersonal, accusative, subject, active, voice, subjunctive, past, tense, 1st, person, singular;
so;OP-ÞF-GM-VH-ÞT-1P-FT;ópersónulegri beygingu, þolfallisfrumlagi, germynd, viðtengingarhætti, þátíð, 1. persónu, fleirtölu;impersonal, accusative, subject, active, voice, subjunctive, past, tense, 1st, person, plural;
so;OP-ÞF-GM-VH-ÞT-2P-ET;ópersónulegri beygingu, þolfallisfrumlagi, germynd, viðtengingarhætti, þátíð, 2. persónu, eintölu;impersonal, accusative, subject, active, voice, subjunctive, past, tense, 2nd, person, singular;
so;OP-ÞF-GM-VH-ÞT-2P-FT;ópersónulegri beygingu, þolfallisfrumlagi, germynd, viðtengingarhætti, þátíð, 2. persónu, fleirtölu;impersonal, accusative, subject, active, voice, subjunctive, past, tense, 2nd, person, plural;
so;OP-ÞF-GM-VH-ÞT-3P-ET;ópersónulegri beygingu, þolfallisfrumlagi, germynd, viðtengingarhætti, þátíð, 3. persónu, eintölu;impersonal, accusative, subject, active, voice, subjunctive, past, tense, 3rd, person, singular;
so;OP-ÞF-GM-VH-ÞT-3P-FT;ópersónulegri beygingu, þolfallisfrumlagi, germynd, viðtengingarhætti, þátíð, 3. persónu, fleirtölu;impersonal, accusative, subject, active, voice, subjunctive, past, tense, 3rd, person, plural;
so;OP-ÞGF-GM-FH-NT-1P-ET;ópersónulegri beygingu, þágufallisfrumlagi, germynd, framsöguhætti, nútíð, 1. persónu, eintölu;impersonal, dative, subject, active, voice, indicative, present, tense, 1st, person, singular;
so;OP-ÞGF-GM-FH-NT-1P-FT;ópersónulegri beygingu, þágufallisfrumlagi, germynd, framsöguhætti, nútíð, 1. persónu, fleirtölu;impersonal, dative, subject, active, voice, indicative, present, tense, 1st, person, plural;
so;OP-ÞGF-GM-FH-NT-2P-ET;ópersónulegri beygingu, þágufallisfrumlagi, germynd, framsöguhætti, nútíð, 2. persónu, eintölu;impersonal, dative, subject, active, voice, indicative, present, tense, 2nd, person, singular;
so;OP-ÞGF-GM-FH-NT-2P-FT;ópersónulegri beygingu, þágufallisfrumlagi, germynd, framsöguhætti, nútíð, 2. persónu, fleirtölu;impersonal, dative, subject, active, voice, indicative, present, tense, 2nd, person, plural;
so;OP-ÞGF-GM-FH-NT-3P-ET;ópersónulegri beygingu, þágufallisfrumlagi, germynd, framsöguhætti, nútíð, 3. persónu, eintölu;impersonal, dative, subject, active, voice, indicative, present, tense, 3rd, person, singular;
so;OP-ÞGF-GM-FH-NT-3P-FT;ópersónulegri beygingu, þágufallisfrumlagi, germynd, framsöguhætti, nútíð, 3. persónu, fleirtölu;impersonal, dative, subject, active, voice, indicative, present, tense, 3rd, person, plural;
so;OP-ÞGF-GM-FH-ÞT-1P-ET;ópersónulegri beygingu, þágufallisfrumlagi, germynd, framsöguhætti, þátíð, 1. persónu, eintölu;impersonal, dative, subject, active, voice, indicative, past, tense, 1st, person, singular;
so;OP-ÞGF-GM-FH-ÞT-1P-FT;ópersónulegri beygingu, þágufallisfrumlagi, germynd, framsöguhætti, þátíð, 1. persónu, fleirtölu;impersonal, dative, subject, active, voice, indicative, past, tense, 1st, person, plural;
so;OP-ÞGF-GM-FH-ÞT-2P-ET;ópersónulegri beygingu, þágufallisfrumlagi, germynd, framsöguhætti, þátíð, 2. persónu, eintölu;impersonal, dative, subject, active, voice, indicative, past, tense, 2nd, person, singular;
so;OP-ÞGF-GM-FH-ÞT-2P-FT;ópersónulegri beygingu, þágufallisfrumlagi, germynd, framsöguhætti, þátíð, 2. persónu, fleirtölu;impersonal, dative, subject, active, voice, indicativepast, tense, 2nd, person, plural;
so;OP-ÞGF-GM-FH-ÞT-3P-ET;ópersónulegri beygingu, þágufallisfrumlagi, germynd, framsöguhætti, þátíð, 3. persónu, eintölu;impersonal, dative, subject, active, voice, indicative, past, tense, 3rd, person, singular;
so;OP-ÞGF-GM-FH-ÞT-3P-FT;ópersónulegri beygingu, þágufallisfrumlagi, germynd, framsöguhætti, þátíð, 3. persónu, fleirtölu;impersonal, dative, subject, active, voice, indicativepast, tense, 3rd, person, plural;
so;OP-ÞGF-GM-VH-NT-1P-ET;ópersónulegri beygingu, þágufallisfrumlagi, germynd, viðtengingarhætti, nútíð, 1. persónu, eintölu;impersonal, dative, subject, active, voice, subjunctive, present, tense, 1st, person, singular;
so;OP-ÞGF-GM-VH-NT-1P-FT;ópersónulegri beygingu, þágufallisfrumlagi, germynd, viðtengingarhætti, nútíð, 1. persónu, fleirtölu;impersonal, dative, subject, active, voice, subjunctive, present, tense, 1st, person, plural;
so;OP-ÞGF-GM-VH-NT-2P-ET;ópersónulegri beygingu, þágufallisfrumlagi, germynd, viðtengingarhætti, nútíð, 2. persónu, eintölu;impersonal, dative, subject, active, voice, subjunctive, present, tense, 2nd, person, singular;
so;OP-ÞGF-GM-VH-NT-2P-FT;ópersónulegri beygingu, þágufallisfrumlagi, germynd, viðtengingarhætti, nútíð, 2. persónu, fleirtölu;impersonal, dative, subject, active, voice, subjunctive, present, tense, 2nd, person, plural;
so;OP-ÞGF-GM-VH-NT-3P-ET;ópersónulegri beygingu, þágufallisfrumlagi, germynd, viðtengingarhætti, nútíð, 3. persónu, eintölu;impersonal, dative, subject, active, voice, subjunctive, present, tense, 3rd, person, singular;
so;OP-ÞGF-GM-VH-NT-3P-FT;ópersónulegri beygingu, þágufallisfrumlagi, germynd, viðtengingarhætti, nútíð, 3. persónu, fleirtölu;impersonal, dative, subject, active, voice, subjunctive, present, tense, 3rd, person, plural;
so;OP-ÞGF-GM-VH-ÞT-1P-ET;ópersónulegri beygingu, þágufallisfrumlagi, germynd, viðtengingarhætti, þátíð, 1. persónu, eintölu;impersonal, dative, subject, active, voice, subjunctive, past, tense, 1st, person, singular;
so;OP-ÞGF-GM-VH-ÞT-1P-FT;ópersónulegri beygingu, þágufallisfrumlagi, germynd, viðtengingarhætti, þátíð, 1. persónu, fleirtölu;impersonal, dative, subject, active, voice, subjunctive, past, tense, 1st, person, plural;
so;OP-ÞGF-GM-VH-ÞT-2P-ET;ópersónulegri beygingu, þágufallisfrumlagi, germynd, viðtengingarhætti, þátíð, 2. persónu, eintölu;impersonal, dative, subject, active, voice, subjunctive, past, tense, 2nd, person, singular;
so;OP-ÞGF-GM-VH-ÞT-2P-FT;ópersónulegri beygingu, þágufallisfrumlagi, germynd, viðtengingarhætti, þátíð, 2. persónu, fleirtölu;impersonal, dative, subject, active, voice, subjunctive, past, tense, 2nd, person, plural;
so;OP-ÞGF-GM-VH-ÞT-3P-ET;ópersónulegri beygingu, þágufallisfrumlagi, germynd, viðtengingarhætti, þátíð, 3. persónu, eintölu;impersonal, dative, subject, active, voice, subjunctive, past, tense, 3rd, person, singular;
so;OP-ÞGF-GM-VH-ÞT-3P-FT;ópersónulegri beygingu, þágufallisfrumlagi, germynd, viðtengingarhætti, þátíð, 3. persónu, fleirtölu;impersonal, dative, subject, active, voice, subjunctive, past, tense, 3rd, person, plural;
so;OP-ÞGF-MM-FH-NT-1P-ET;ópersónulegri beygingu, þágufallisfrumlagi, miðmynd, framsöguhætti, nútíð, 1. persónu, eintölu;impersonal, dative, subject, middle, voice, indicative, present, tense, 1st, person, singular;
so;OP-ÞGF-MM-FH-NT-1P-FT;ópersónulegri beygingu, þágufallisfrumlagi, miðmynd, framsöguhætti, nútíð, 1. persónu, fleirtölu;impersonal, dative, subject, middle, voice, indicative, present, tense, 1st, person, plural;
so;OP-ÞGF-MM-FH-NT-2P-ET;ópersónulegri beygingu, þágufallisfrumlagi, miðmynd, framsöguhætti, nútíð, 2. persónu, eintölu;impersonal, dative, subject, middle, voice, indicative, present, tense, 2nd, person, singular;
so;OP-ÞGF-MM-FH-NT-2P-FT;ópersónulegri beygingu, þágufallisfrumlagi, miðmynd, framsöguhætti, nútíð, 2. persónu, fleirtölu;impersonal, dative, subject, middle, voice, indicative, present, tense, 2nd, person, plural;
so;OP-ÞGF-MM-FH-NT-3P-ET;ópersónulegri beygingu, þágufallisfrumlagi, miðmynd, framsöguhætti, nútíð, 3. persónu, eintölu;impersonal, dative, subject, middle, voice, indicative, present, tense, 3rd, person, singular;
so;OP-ÞGF-MM-FH-NT-3P-FT;ópersónulegri beygingu, þágufallisfrumlagi, miðmynd, framsöguhætti, nútíð, 3. persónu, fleirtölu;impersonal, dative, subject, middle, voice, indicative, present, tense, 3rd, person, plural;
so;OP-ÞGF-MM-FH-ÞT-1P-ET;ópersónulegri beygingu, þágufallisfrumlagi, miðmynd, framsöguhætti, þátíð, 1. persónu, eintölu;impersonal, dative, subject, middle, voice, indicative, past, tense, 1st, person, singular;
so;OP-ÞGF-MM-FH-ÞT-1P-FT;ópersónulegri beygingu, þágufallisfrumlagi, miðmynd, framsöguhætti, þátíð, 1. persónu, fleirtölu;impersonal, dative, subject, middle, voice, indicative, past, tense, 1st, person, plural;
so;OP-ÞGF-MM-FH-ÞT-2P-ET;ópersónulegri beygingu, þágufallisfrumlagi, miðmynd, framsöguhætti, þátíð, 2. persónu, eintölu;impersonal, dative, subject, middle, voice, indicative, past, tense, 2nd, person, singular;
so;OP-ÞGF-MM-FH-ÞT-2P-FT;ópersónulegri beygingu, þágufallisfrumlagi, miðmynd, framsöguhætti, þátíð, 2. persónu, fleirtölu;impersonal, dative, subject, middle, voice, indicative, past, tense, 2nd, person, plural;
so;OP-ÞGF-MM-FH-ÞT-3P-ET;ópersónulegri beygingu, þágufallisfrumlagi, miðmynd, framsöguhætti, þátíð, 3. persónu, eintölu;impersonal, dative, subject, middle, voice, indicative, past, tense, 3rd, person, singular;
so;OP-ÞGF-MM-FH-ÞT-3P-FT;ópersónulegri beygingu, þágufallisfrumlagi, miðmynd, framsöguhætti, þátíð, 3. persónu, fleirtölu;impersonal, dative, subject, middle, voice, indicative, past, tense, 3rd, person, plural;
so;OP-ÞGF-MM-VH-NT-1P-ET;ópersónulegri beygingu, þágufallisfrumlagi, miðmynd, viðtengingarhætti, nútíð, 1. persónu, eintölu;impersonal, dative, subject, middle, voice, subjunctive, present, tense, 1st, person, singular;
so;OP-ÞGF-MM-VH-NT-1P-FT;ópersónulegri beygingu, þágufallisfrumlagi, miðmynd, viðtengingarhætti, nútíð, 1. persónu, fleirtölu;impersonal, dative, subject, middle, voice, subjunctive, present, tense, 1st, person, plural;
so;OP-ÞGF-MM-VH-NT-2P-ET;ópersónulegri beygingu, þágufallisfrumlagi, miðmynd, viðtengingarhætti, nútíð, 2. persónu, eintölu;impersonal, dative, subject, middle, voice, subjunctive, present, tense, 2nd, person, singular;
so;OP-ÞGF-MM-VH-NT-2P-FT;ópersónulegri beygingu, þágufallisfrumlagi, miðmynd, viðtengingarhætti, nútíð, 2. persónu, fleirtölu;impersonal, dative, subject, middle, voice, subjunctive, present, tense, 2nd, person, plural;
so;OP-ÞGF-MM-VH-NT-3P-ET;ópersónulegri beygingu, þágufallisfrumlagi, miðmynd, viðtengingarhætti, nútíð, 3. persónu, eintölu;impersonal, dative, subject, middle, voice, subjunctive, present, tense, 3rd, person, singular;
so;OP-ÞGF-MM-VH-NT-3P-FT;ópersónulegri beygingu, þágufallisfrumlagi, miðmynd, viðtengingarhætti, nútíð, 3. persónu, fleirtölu;impersonal, dative, subject, middle, voice, subjunctive, present, tense, 3rd, person, plural;
so;OP-ÞGF-MM-VH-ÞT-1P-ET;ópersónulegri beygingu, þágufallisfrumlagi, miðmynd, viðtengingarhætti, þátíð, 1. persónu, fleirtölu;impersonal, dative, subject, middle, voice, subjunctive, past, tense, 1st, person, plural;
so;OP-ÞGF-MM-VH-ÞT-1P-FT;ópersónulegri beygingu, þágufallisfrumlagi, miðmynd, viðtengingarhætti, þátíð, 1. persónu, fleirtölu;impersonal, dative, subject, middle, voice, subjunctive, past, tense, 1st, person, plural;
so;OP-ÞGF-MM-VH-ÞT-2P-ET;ópersónulegri beygingu, þágufallisfrumlagi, miðmynd, viðtengingarhætti, þátíð, 2. persónu, eintölu;impersonal, dative, subject, middle, voice, subjunctive, past, tense, 2nd, person, singular;
so;OP-ÞGF-MM-VH-ÞT-2P-FT;ópersónulegri beygingu, þágufallisfrumlagi, miðmynd, viðtengingarhætti, þátíð, 2. persónu, fleirtölu;impersonal, dative, subject, middle, voice, subjunctive, past, tense, 2nd, person, plural;
so;OP-ÞGF-MM-VH-ÞT-3P-ET;ópersónulegri beygingu, þágufallisfrumlagi, miðmynd, viðtengingarhætti, þátíð, 3. persónu, eintölu;impersonal, dative, subject, middle, voice, subjunctive, past, tense, 3rd, person, singular;
so;OP-ÞGF-MM-VH-ÞT-3P-FT;ópersónulegri beygingu, þágufallisfrumlagi, miðmynd, viðtengingarhætti, þátíð, 3. persónu, fleirtölu;impersonal, dative, subject, middle, voice, subjunctive, past, tense, 3rd, person, plural;
so;SP-GM-FH-NT-2P-ET;spurnarmynd, germynd, framsöguhætti, nútíð, 2. persónu, eintölu;question, form, active, voice, indicative, present, tense, 2nd, person, singular;
so;SP-GM-FH-NT-2P-FT;spurnarmynd, germynd, framsöguhætti, nútíð, 2. persónu, fleirtölu;question, form, active, voice, indicative, present, tense, 2nd, person, plural;
so;SP-GM-FH-ÞT-2P-ET;spurnarmynd, germynd, framsöguhætti, þátíð, 2. persónu, eintölu;question, form, active, voice, indicative, past, tense, 2nd, person, singular;
so;SP-GM-FH-ÞT-2P-FT;spurnarmynd, germynd, framsöguhætti, þátíð, 2. persónu, fleirtölu;question, form, active, voice, indicative, past, tense, 2nd, person, plural;
so;SP-GM-VH-NT-2P-ET;spurnarmynd, germynd, viðtengingarhætti, nútíð, 2. persónu, eintölu;question, form, active, voice, subjunctive, present, tense, 2nd, person, singular;
so;SP-GM-VH-NT-2P-FT;spurnarmynd, germynd, viðtengingarhætti, nútíð, 2. persónu, fleirtölu;question, form, active, voice, subjunctive, present, tense, 2nd, person, plural;
so;SP-GM-VH-ÞT-2P-ET;spurnarmynd, germynd, viðtengingarhætti, þátíð, 2. persónu, eintölu;question, form, active, voice, subjunctive, past, tense, 2nd, person, singular;
so;SP-GM-VH-ÞT-2P-FT;spurnarmynd, germynd, viðtengingarhætti, þátíð, 2. persónu, fleirtölu;question, form, active, voice, subjunctive, past, tense, 2nd, person, plural;
so;SP-MM-FH-NT-2P-ET;spurnarmynd, germynd, framsöguhætti, nútíð, 2. persónu, eintölu;question, form, active, voice, indicative, present, tense, 2nd, person, singular;
so;SP-MM-FH-ÞT-2P-ET;spurnarmynd, germynd, framsöguhætti, þátíð, 2. persónu, eintölu;question, form, active, voice, indicative, past, tense, 2nd, person, singular;
so;SP-MM-VH-ÞT-2P-ET;spurnarmynd, germynd, viðtengingarhætti, þátíð, 2. persónu, eintölu;question, form, active, voice, subjunctive, past, tense, 2nd, person, singular;
so;SP-MM-VH-NT-2P-ET;spurnarmynd, germynd, viðtengingarhætti, nútíð, 2. persónu, eintölu;question, form, active, voice, subjunctive, present, tense, 2nd, person, singular;
to;HK-EFET;hvorugkyni, eignarfalli, eintölu;neuter, genitive, singular;
to;HK-EFFT;hvorugkyni, eignarfalli, fleirtölu;neuter, genitive, plural;
to;HK-NFET;hvorugkyni, nefnifalli, eintölu;neuter, nominative, singular;
to;HK-NFFT;hvorugkyni, nefnifalli, fleirtölu;neuter, nominative, plural;
to;HK-ÞFET;hvorugkyni, þolfalli, eintölu;neuter, accusative, singular;
to;HK-ÞFFT;hvorugkyni, þolfalli, fleirtölu;neuter, accusative, plural;
to;HK-ÞGFET;hvorugkyni, þágufalli, eintölu;neuter, dative, singular;
to;HK-ÞGFFT;hvorugkyni, þágufalli, fleirtölu;neuter, dative, plural;
to;KK-EFET;karlkyni, eignarfalli, eintölu;masculine, genitive, singular;
to;KK-EFFT;karlkyni, eignarfalli, fleirtölu;masculine, genitive, plural;
to;KK-NFET;karlkyni, nefnifalli, eintölu;masculine, nominative, singular;
to;KK-NFFT;karlkyni, nefnifalli, fleirtölu;masculine, nominative, plural;
to;KK-ÞFET;karlkyni, þolfalli, eintölu;masculine, accusative, singular;
to;KK-ÞFFT;karlkyni, þolfalli, fleirtölu;masculine, accusative, plural;
to;KK-ÞGFET;karlkyni, þágufalli, eintölu;masculine, dative, singular;
to;KK-ÞGFFT;karlkyni, þágufalli, fleirtölu;masculine, dative, plural;
to;KVK-EFET;kvenkyni, eignarfalli, eintölu;feminine, genitive, singular;
to;KVK-EFFT;kvenkyni, eignarfalli, fleirtölu;feminine, genitive, plural;
to;KVK-NFET;kvenkyni, nefnifalli, eintölu;feminine, nominative, singular;
to;KVK-NFFT;kvenkyni, nefnifalli, fleirtölu;feminine, nominative, plural;
to;KVK-ÞFET;kvenkyni, þolfalli, eintölu;feminine, accusative, singular;
to;KVK-ÞFFT;kvenkyni, þolfalli, fleirtölu;feminine, accusative, plural;
to;KVK-ÞGFET;kvenkyni, þágufalli, eintölu;feminine, dative, singular;
to;KVK-ÞGFFT;kvenkyni, þágufalli, fleirtölu;feminine, dative, plural;